rmse_I,rmse_Beta,time_predict,roll_var_npeople,actual_peak_I,predicted_peak_I,actual_peak_day,predicted_peak_day
305.0343053045937,1.3836051113421748e-07,0.11809158325195312,45,4324,3719.4682444617056,105,106
240.76888979483886,1.3645798203424068e-07,0.10033869743347168,39,4219,3801.235633721991,99,103
