rmse_I,rmse_Beta,time_predict,roll_var_seq,actual_peak_I,predicted_peak_I,actual_peak_day,predicted_peak_day
136.55238601391744,1.2467285195579363e-07,0.09623169898986816,69,4324,4042.1392333351123,105,102
178.65811963023927,1.300192958027856e-07,0.08193612098693848,63,4219,3981.4123882828085,99,101
