rmse_I,rmse_Beta,time_predict,norm_var,actual_peak_I,predicted_peak_I,actual_peak_day,predicted_peak_day
66.65195509444027,1.2701710677900839e-07,0.08264470100402832,97,4324,4315.259496446123,105,104
204.51310258028883,1.310160622962762e-07,0.08393001556396484,93,4219,4211.869021256815,99,101
