rmse_I,rmse_Beta,time_predict,roll_var,actual_peak_I,predicted_peak_I,actual_peak_day,predicted_peak_day
291.41949289444415,1.369044931800251e-07,0.11629295349121094,46,4324,3740.796540778581,105,105
178.65811963023927,1.300192958027856e-07,0.10991859436035156,63,4219,3981.4123882828085,99,101
